program,threads,n,repeat,time,rc
pi_s,1,1000000,1,0.003957,0
pi_p,1,1000000,1,0.004734,0
pi_p,2,1000000,1,0.003265,0
pi_p,4,1000000,1,0.003264,0
